StudyID,Stream,Theme,Study,Industry/Sector,Theoretical Lens,Resilience Dimension (Short),Design,n,Q1,Q2,Q3,Q4,Q5,Score,Tier,F1,F2,F3,F4,F5,F6,F7,F8,F9,F10,F11,F12,F13,F14,F15,Null_or_mixed_finding,Rule_notes
A001,Analytics,Theme 3,"Fernando & Ikhsan, 2023",Manufacturing ,Not stated,Adaptability,Cross-sectional single-source survey,375.0,0,1,0,0,0,1,Low,0,0,1,1,0,1,0,0,0,0,0,0,0,0,0,0,
A002,Analytics,Theme 4,"Xu & Liu, 2024",Manufacturing ,Cognitive-behavioral theory ,Resilience,Multi-wave / multi-respondent survey,164.0,1,1,0,1,0,3,Moderate,0,0,0,0,0,0,0,1,0,0,0,0,0,0,1,1,
A003,Analytics,Theme 3,"Trabucco & De Giovanni, 2021",Mixed sectors ,Not stated,Viability,Cross-sectional single-source survey,119.0,0,0,0,0,0,0,Low,0,0,0,0,0,0,0,1,0,0,1,0,1,0,1,1,
A004,Analytics,Theme 4,"Jiang, Feng & Huang, 2024",Manufacturing ,Resource orchestration theory,Resilience,Mixed / multi-source,277.0,1,1,0,1,1,4,High,0,0,0,1,0,0,0,1,0,1,0,0,1,0,0,0,
A005,Analytics,Theme 2,"Singh, Sharma, Singh & Rana, 2025", Supply chain professionals,Dynamic capability view,Transparency,Mixed / multi-source,229.0,1,1,1,1,0,4,High,0,0,0,0,0,0,1,1,1,0,0,1,0,0,0,0,
A006,Analytics,Theme 4,"Kumar & Raj, 2025",Multiple industries ,Organizational information processing theory ,Resilience,Meta-analysis,205.0,1,1,1,1,1,5,High,0,0,0,0,0,0,0,1,0,0,0,0,0,0,0,0,
A007,Analytics,Theme 4,"Wamba et al., 2017",Cross-industry,Resource-based view ,Dynamic capability,Cross-sectional single-source survey,297.0,0,1,0,0,0,1,Low,0,0,0,0,0,0,0,1,0,0,0,0,0,0,0,0,
A008,Analytics,Theme 2,"Rialti, Zollo, Ferraris & Alon, 2019",Multiple industries ,Dynamic capabilities view,Agility,Cross-sectional single-source survey,259.0,0,1,0,0,1,2,Low,0,0,0,0,0,0,0,1,0,0,0,1,0,0,1,0,
A009,Analytics,Theme 4,"Bahrami, Shokouhyar & Seifian, 2022",Information technology,Not stated,Resilience,Cross-sectional single-source survey,187.0,0,1,0,0,0,1,Low,0,0,0,0,0,0,0,1,0,0,0,0,0,0,0,0,
A010,Analytics,Theme 2,"Lee et al., 2024",Manufacturing firms,Dynamic capability view; complementary assets perspective,Flexibility,Cross-sectional single-source survey,308.0,0,1,0,0,0,1,Low,0,0,0,0,0,0,0,1,0,0,0,1,0,0,0,1,
A011,Analytics,Theme 4,"Liu et al., 2023",Supply chain companies,Technology adoption / TOE-style (tech–org–environment) perspective,Resilience,Cross-sectional single-source survey,400.0,0,1,0,0,0,1,Low,0,0,0,0,0,0,0,1,0,1,0,0,0,0,0,1,
A012,Analytics,Theme 4,"Zhang et al., 2025",Multi-industry ,Not stated,Recovery,Quasi-experimental / archival / panel,3499.0,1,1,1,1,1,5,High,0,0,0,0,0,0,0,1,0,0,0,0,1,0,0,0,
A013,Analytics,Theme 2,"Manikas et al., 2022",Multi-industry ,Resource-based capability perspective ,Agility,Cross-sectional single-source survey,128.0,0,0,0,0,0,0,Low,0,0,0,0,0,0,0,1,0,0,0,1,0,1,0,0,
A014,Analytics,Theme 4,"Singh & Singh, 2019",Multi-industry ,Institutional theory; information-processing ,Risk management,Cross-sectional single-source survey,225.0,0,1,0,0,0,1,Low,0,0,0,0,0,0,0,1,0,0,0,0,0,0,0,0,
A015,Analytics,Theme 4,"Maria Vincenza Ciasullo, 2022",SMEs,Not stated,Innovation,Cross-sectional single-source survey,192.0,0,1,0,0,1,2,Low,0,0,0,0,0,0,0,1,0,0,0,0,0,0,0,0,
A016,Analytics,Theme 2,"Barhmi & Laghzaoui, 2025",Multi-industry ,Dynamic capability; information-processing perspective,Robustness,Cross-sectional single-source survey,203.0,0,1,0,0,0,1,Low,0,0,0,0,0,0,0,1,0,0,0,1,0,0,0,0,
A017,Analytics,Theme 2,"Rengarajan et al., 2022",Agri-food global value chains,Information-processing; decision-making perspective ,Agility,Qualitative / case study,,1,0,0,0,1,2,Low,0,0,0,0,0,0,0,1,0,1,0,1,0,0,0,0,
A018,Analytics,Theme 1,"Kokkinou & Mandemakers, 2023", Logistics & supply chain sector ,Contingent Resource-based view; Organizational Information Processing Theory,Robustness,Mixed / multi-source,197.0,1,1,1,1,0,4,High,0,0,0,0,0,0,0,1,1,0,0,0,0,0,0,0,
A019,Analytics,Theme 2,"Barhmi et al., 2024", Manufacturing ,Dynamic Capability View; Organizational Information Processing Theory,Flexibility,Cross-sectional single-source survey,200.0,0,1,0,0,0,1,Low,0,0,0,0,0,0,0,1,0,0,0,1,0,0,1,1,
A020,Analytics,Theme 2,"Dubey et al., 2021",Manufacturing ,Organisational Information Processing Theory ,Recovery,Cross-sectional single-source survey,213.0,0,1,0,0,0,1,Low,0,0,0,0,0,0,0,1,0,0,0,1,1,0,0,0,
A021,Analytics,Theme 2,"Ahatsi & Olanrewaju, 2025",Humanitarian supply chains,Not explicitly stated (technology–resilience framing),Readiness,Cross-sectional single-source survey,200.0,0,1,0,0,0,1,Low,0,0,0,0,0,1,1,1,0,0,0,0,0,1,0,0,
A022,Analytics,Theme 4,"Zhang, 2025",Humanitarian NGOs,Dynamic capability theory ,Resilience,Cross-sectional single-source survey,411.0,0,1,0,0,0,1,Low,0,0,0,0,0,0,1,1,0,0,0,0,0,0,0,1,
A023,Analytics,Theme 4,"Kong & Feng, 2025",Manufacturing ,Dynamic capability theory; organizational information processing theory,Resilience,Cross-sectional single-source survey,277.0,0,1,0,0,0,1,Low,0,0,0,0,0,0,0,1,0,1,0,1,0,0,1,1,
A024,Analytics,Theme 4,"Jajja et al., 2025",Manufacturing ,Dynamic capability view; organizational information processing,Resilience,Multi-wave / multi-respondent survey,243.0,1,1,0,1,0,3,Moderate,0,0,0,0,0,0,0,1,0,0,0,0,0,0,0,0,
A025,Analytics,Theme 4,"Gupta et al., 2022",Manufacturing ,Contingent resource-based perspective,Risk management,Cross-sectional single-source survey,190.0,0,1,0,0,0,1,Low,0,0,0,0,0,0,0,1,0,0,0,1,0,1,0,0,
A026,Analytics,Theme 2,"Bhatti et al., 2022",Manufacturing firms,Capabilities perspective (complementary resources),Agility,Cross-sectional single-source survey,386.0,0,1,0,0,0,1,Low,0,0,0,0,0,0,0,1,0,0,0,1,0,0,0,0,
A027,Analytics,Theme 4,"Islam et al., 2025",Ready-made garments ,Socio-technical systems (STS) theory,Resilience,Cross-sectional single-source survey,129.0,0,0,0,0,0,0,Low,0,0,0,0,0,0,0,1,0,0,0,0,0,0,0,0,
A028,Analytics,Theme 2,"Rezaei et al., 2022",Textile,Resource-based view; dynamic capability view,Flexibility,Cross-sectional single-source survey,207.0,0,1,0,0,0,1,Low,0,0,0,0,0,0,0,1,0,0,0,1,0,0,0,0,
A029,Analytics,Theme 4,"Bag et al., 2021",Automotive ,Resource based view,Risk management,Cross-sectional single-source survey,224.0,0,1,0,0,0,1,Low,0,0,0,0,0,0,0,1,0,0,0,0,1,0,0,0,
A030,Analytics,Theme 1,"Jiang et al., 2025",Manufacturing ,Dynamic capability theory; inertia theory,Visibility,Cross-sectional single-source survey,277.0,0,1,0,0,0,1,Low,0,0,0,0,0,0,0,1,1,0,0,1,1,0,0,0,
A031,Analytics,Theme 4,"Bag, Rahman, Routray, Roubaud & Mangla, 2025",Renewable energy ,Dynamic capability view,Resilience,Cross-sectional single-source survey,367.0,0,1,0,0,0,1,Low,0,0,0,0,0,0,0,1,0,0,0,0,0,0,0,0,
A032,Analytics,Theme 4,"Cao, Elking, Gu & Hoffman, 2024",Cross-industry ,Organizational information processing theory,Resilience,Cross-sectional single-source survey,247.0,0,1,0,0,1,2,Low,0,0,0,0,0,0,0,1,0,0,0,0,0,0,0,0,
A033,Analytics,Theme 1,"Kokkinou, Mitas & Mandemakers, 2025", Multi-sector,Dynamic capability theory; organizational information processing theory,Robustness,Cross-sectional single-source survey,58.0,0,0,0,0,0,0,Low,0,0,0,0,1,0,0,0,1,0,0,0,0,0,0,0,
A034,Analytics,Theme 4,"Bronzo, Barbosa, Sousa, Torres Junior & Oliveira, 2024",Automotive ,Dynamic capabilities theory,Responsiveness,Cross-sectional single-source survey,263.0,0,1,0,0,0,1,Low,0,0,0,0,0,0,0,1,0,0,0,0,0,0,0,0,
A035,Analytics,Theme 1,"Zhang, Gao & Luqman, 2022",Not stated,Stakeholder theory , Competitiveness,Cross-sectional single-source survey,283.0,0,1,0,0,0,1,Low,0,0,0,0,0,0,0,1,1,0,0,0,0,0,0,0,
A036,Analytics,Theme 2,"Singh, 2025",Supply chain professionals ,Dynamic capability view,Flexibility,Cross-sectional single-source survey,150.0,0,1,0,0,0,1,Low,0,0,0,0,0,0,0,1,0,0,1,1,0,0,0,0,
A037,Analytics,Theme 2,"Park & Singh, 2023",Cross-industry ,Dynamic capabilities ,Risk management,Mixed / multi-source,213.0,1,1,1,1,0,4,High,0,0,0,0,0,0,1,1,0,0,0,0,0,0,0,0,
A038,Analytics,Theme 2,"Singh & Kumar, 2025","Electronics, steel, energy, textile & heavy machinery ",Dynamic capability view,Agility,Cross-sectional single-source survey,284.0,0,1,0,0,0,1,Low,0,0,0,0,0,0,0,1,0,0,0,1,0,0,0,0,
A039,Analytics,Theme 4,"Rashid, Rasheed, Ngah, Jayaratne, Rahi & Tunio, 2024",Manufacturing ,Information processing theory,Risk management,Cross-sectional single-source survey,251.0,0,1,0,0,0,1,Low,0,0,0,0,0,0,0,0,0,0,0,0,0,0,0,0,
A040,Analytics,Theme 4,"Dennehy et al., 2021",Humanitarian  supply chains,Not stated,Resilience,Cross-sectional single-source survey,135.0,0,0,0,0,0,0,Low,0,0,0,0,0,0,0,1,0,0,0,0,0,0,0,0,
A041,Analytics,Theme 4,"Zhang & Zhao, 2019",Manufacturing ,Information processing perspective,Resilience,Cross-sectional single-source survey,142.0,0,0,0,0,1,1,Low,0,0,0,0,0,0,0,1,0,0,0,0,0,0,0,0,
A042,Analytics,Theme 4,"Iftikhar et al., 2023",Manufacturing ,Complexity/resilience perspective ,Resilience,Cross-sectional single-source survey,166.0,0,1,0,0,1,2,Low,0,0,0,0,0,0,0,1,0,0,0,0,0,0,0,0,
A043,Analytics,Theme 4,"Bhuiyan et al., 2025",Healthcare,Organizational Information Processing (OIP) theory; Dynamic capabilities,Innovation,Cross-sectional single-source survey,336.0,0,1,0,0,0,1,Low,0,0,0,0,0,0,0,1,0,0,0,0,0,0,0,0,
A044,Analytics,Theme 1,"Alshawabkeh et al., 2024",Food processing ,Resource-based view (RBV) ,Flexibility,Cross-sectional single-source survey,142.0,0,0,0,0,0,0,Low,0,0,0,0,0,0,0,1,1,0,1,1,0,0,0,0,
A045,Analytics,Theme 4,"Fosso Wamba et al., 2020",Manufacturing,Dynamic capabilities / contingency perspective,Resilience,Cross-sectional single-source survey,281.0,0,1,0,0,0,1,Low,0,0,0,0,0,0,0,1,0,0,0,0,0,0,1,0,
A046,Analytics,Theme 4,"Bahrami & Shokouhyar, 2021",Cross-industry ,Dynamic capabilities view (DCV),Innovation,Cross-sectional single-source survey,167.0,0,1,0,0,0,1,Low,0,0,0,0,0,0,0,1,0,0,0,0,0,0,0,0,
A047,Analytics,Theme 3,"Papadopoulos et al., 2017",Humanitarian  supply chains,Resilience framework; disaster resilience concepts),Coordination,Mixed / multi-source,205.0,1,1,1,1,0,4,High,0,0,0,1,1,0,0,1,0,0,0,0,0,0,0,0,
A048,Analytics,Theme 4,"Yamin, 2024",Logistics firms,Psychological resilience theory; Resource-based perspective ,Resilience,Cross-sectional single-source survey,219.0,0,1,0,0,0,1,Low,0,0,0,0,0,0,0,1,0,0,0,0,1,0,0,0,
A049,Analytics,Theme 2,"Tetteh et al., 2025",Healthcare ,Practice-based view , Responsiveness,Cross-sectional single-source survey,374.0,0,1,0,0,0,1,Low,0,0,0,0,0,0,0,1,0,0,0,1,0,0,0,0,
A050,Analytics,Theme 4,"Piprani et al., 2023",Manufacturing ,Dynamic capability view ,Innovation,Cross-sectional single-source survey,259.0,0,1,0,0,1,2,Low,0,0,0,0,0,0,0,1,0,0,0,0,0,0,0,0,
A051,Analytics,Theme 4,"Seif & Jafari, 2025","Manufacturing, wholesale & retail",Dynamic capability view; Contingency theory,Integration,Cross-sectional single-source survey,165.0,0,1,1,0,1,3,Moderate,0,0,0,0,0,0,0,1,0,0,0,0,0,0,0,1,
A052,Analytics,Theme 1,"Munir et al., 2023",Product-based industries ,Dynamic capability theory ,Agility,Cross-sectional single-source survey,427.0,0,1,0,0,1,2,Low,0,0,0,0,0,0,0,1,1,0,0,1,0,0,1,0,
A053,Analytics,Theme 4,"Munir et al., 2024",Product-based industries ,Dynamic capability view,Adaptability,Cross-sectional single-source survey,406.0,0,1,0,0,1,2,Low,0,0,0,0,0,0,0,1,0,0,0,0,1,0,1,0,
A054,Analytics,Theme 1,"Munir et al., 2025",Fast-moving consumer goods ,Dynamic capability view ,Agility,Cross-sectional single-source survey,416.0,0,1,1,1,1,4,High,0,0,0,0,0,0,0,1,1,0,0,1,0,0,0,0,
A055,Analytics,Theme 3,"Jiang, Wang & Jiang, 2025",Manufacturing ,Organizational information processing theory ,Resilience,Cross-sectional single-source survey,375.0,0,1,0,0,0,1,Low,0,0,0,0,0,0,0,1,0,0,0,0,0,0,0,1,
A056,Analytics,Theme 4,"Laguir, Modgil, Bose, Gupta & Stekelorum, 2023",Manufacturing,Dynamic capability view; organizational information processing theory ,Resilience,Cross-sectional single-source survey,405.0,0,1,0,0,1,2,Low,0,0,0,0,0,0,0,1,0,0,0,0,0,0,0,0,
A057,Analytics,Theme 2,"Cui, Wang, Liu & Cao, 2024",Manufacturing ,Information processing theory,Agility,Multi-wave / multi-respondent survey,438.0,1,1,0,1,1,4,High,0,0,0,0,0,0,0,1,0,0,0,1,0,0,0,0,
A058,Analytics,Theme 4,"Wu, Huang, Wang & Kumar, 2024",Manufacturing ,Data network effect ,Robustness,Cross-sectional single-source survey,257.0,0,1,0,0,0,1,Low,0,0,0,0,0,0,0,0,0,0,0,0,0,0,0,0,
A059,Analytics,Theme 2,"Fosso Wamba & Akter, 2019",Multiple industries ,Resource-based view; dynamic capability theory,Agility,Cross-sectional single-source survey,281.0,0,1,0,0,0,1,Low,0,0,0,0,0,0,0,1,0,0,0,1,0,0,0,0,
A060,Analytics,Theme 2,"Raut, Mangla, Narwane, Dora & Liu, 2021",Manufacturing ,LARG (Lean–Agile–Resilient–Green) supply chain paradigm,Resilience,Cross-sectional single-source survey,297.0,0,1,1,1,1,4,High,0,0,0,0,0,0,0,1,0,0,1,1,0,0,0,0,
A061,Analytics,Theme 1,"Baga, Rahman, Srivastava, Chan & Bryde, 2022",Mining ,Dynamic Capability View ,Transparency,Mixed / multi-source,219.0,1,1,0,1,0,3,Moderate,0,0,0,0,0,0,1,1,1,0,0,0,0,0,0,0,
A062,Analytics,Theme 4,"Mandal, S. (2020)",Supply chain professionals ,Dynamic capabilities perspective ,Resilience,Cross-sectional single-source survey,176.0,0,1,0,0,0,1,Low,0,0,0,0,0,0,0,1,0,0,0,0,0,0,0,0,TBD in extraction sheet
A063,Analytics,Theme 2,"Shokoohyar, S.; Shokouhyar, S.; Hakimioun, S. (2022)",Supply chain professionals ,Dynamic capabilities; complex adaptive systems perspective,Adaptability,Cross-sectional single-source survey,,0,0,0,0,0,0,Low,0,0,0,0,0,0,0,1,0,0,1,1,0,0,0,0,sample size not in extraction sheet (Q2 scored 0); TBD in extraction sheet
A064,Analytics,Theme 4,"Alsmairat, M.A.K. (2023)",Supply chain professionals ,Not stated,Readiness,Cross-sectional single-source survey,340.0,0,1,0,0,0,1,Low,0,0,0,0,0,0,0,1,0,0,0,0,0,1,0,0,TBD in extraction sheet
A065,Analytics,Theme 2,"Aljumah, 2022",Retail,Institutional theory,Agility,Cross-sectional single-source survey,283.0,0,1,0,0,0,1,Low,0,0,0,0,0,0,0,1,0,0,0,1,0,0,0,0,
A066,Analytics,Theme 4,"Abdullah, Naeem & Aslam, 2024",Manufacturing,Organizational Information Processing Theory ,Adaptability,Multi-wave / multi-respondent survey,,1,0,0,1,0,2,Low,0,0,0,0,0,0,0,1,0,0,0,1,0,0,1,1,sample size not in extraction sheet (Q2 scored 0)
A067,Analytics,Theme 2,"Wang, Qian & Fang, 2024",Multi-industry ,Dynamic capability view; Resource-based view ,Agility,Cross-sectional single-source survey,114.0,0,0,0,0,1,1,Low,0,0,0,0,0,0,0,1,0,0,0,1,0,0,0,0,
A068,Analytics,Theme 4,"Iftikhar, Do, Stevenson & Aslam, 2025","Manufacturing, service sectors (mixed)",Dynamic capability theory,Resilience,Cross-sectional single-source survey,188.0,0,1,0,0,0,1,Low,0,0,0,0,0,0,0,1,0,0,0,0,0,0,1,0,
A069,Analytics,Theme 3,"Dubey et al., 2019",Humanitarian supply chain ,Organizational Information Processing Theory; Competing Values Model (CVM),Trust,Multi-wave / multi-respondent survey,373.0,1,1,1,1,1,5,High,0,0,0,0,1,0,1,1,0,0,1,1,0,0,0,0,
A070,Analytics,Theme 4,"Saleh & Sadeghi, 2025",SMEs (cross-industry),Dynamic capabilities view,Recovery,Cross-sectional single-source survey,153.0,0,1,0,0,0,1,Low,0,0,0,0,0,1,0,1,0,0,0,0,1,0,0,0,
A071,Analytics,Theme 4,"Liu & Wei, 2022",Manufacturing ,Information processing perspective,Recovery,Mixed / multi-source,170.0,1,1,1,1,1,5,High,0,0,0,0,0,0,0,1,0,0,0,0,1,0,0,0,
A072,Analytics,Theme 3,"Lu, Jiang & Wang, 2024",Manufacturing,Information processing theory,Visibility,Cross-sectional single-source survey,288.0,0,1,0,0,1,2,Low,0,0,0,0,0,0,0,0,0,0,0,0,0,0,0,0,
A073,Analytics,Theme 2,"Munir, Jajja & Chatha, 2022",Manufacturing,Dynamic capabilities (capability-based view), Responsiveness,Cross-sectional single-source survey,206.0,0,1,0,0,0,1,Low,0,0,0,0,0,1,0,1,0,0,0,1,0,0,0,0,
A074,Analytics,Theme 2,"Guo, Lin & Luo, 2025",Multi-industry ,Organizational capabilities-based theory,Flexibility,Cross-sectional single-source survey,239.0,0,1,0,0,1,2,Low,0,0,0,0,0,0,0,1,0,0,1,1,1,0,0,0,
A075,Analytics,Theme 2,"Mandal, 2019",Multiple sectors ,Resource-based view,Agility,Cross-sectional single-source survey,249.0,0,1,0,0,0,1,Low,0,0,0,0,0,0,0,1,0,1,1,1,0,1,0,1,
A076,Analytics,Theme 2,"Dubey, Gunasekaran & Childe, 2019",Automotive,Dynamic capabilities view; Contingency theory,Agility,Cross-sectional single-source survey,173.0,0,1,0,0,0,1,Low,0,0,0,0,0,0,0,1,0,0,0,1,0,0,0,1,
A077,Analytics,Theme 2,"Surajit Bag, 2021",Health care,Organization Information Processing Theory, Responsiveness,Cross-sectional single-source survey,190.0,0,1,0,0,0,1,Low,0,0,0,0,0,0,0,1,0,0,0,0,0,0,0,0,
A078,Analytics,Theme 4,"Muhammad Inam Makki Khan, 2025",Supply chain professionals ,Dynamic Capability Theory,Recovery,Cross-sectional single-source survey,441.0,0,1,0,0,0,1,Low,0,0,0,0,0,0,0,1,0,0,0,0,0,0,0,0,
A079,Analytics,Theme 2,"Read Khalid Almheiri, 2024",Supply chain professionals ,Not explicitly stated,Resilience,Cross-sectional single-source survey,260.0,0,1,0,0,0,1,Low,0,0,0,0,0,0,0,1,0,0,0,0,0,0,0,0,
A080,Analytics,Theme 2,"Rameshwar Dubey,2022",NGO,Practice-based view,Agility,Cross-sectional single-source survey,171.0,0,1,0,0,0,1,Low,0,0,0,0,0,0,0,1,0,0,0,1,0,0,0,0,
A081,Analytics,Theme 2,"Francis Kamewor Tetteh, 2023",Healthcare ,Dynamic Capability Theory,Flexibility,Cross-sectional single-source survey,374.0,0,1,0,0,0,1,Low,0,0,0,0,0,0,0,1,0,0,0,1,0,0,0,0,
A082,Analytics,Theme 3,"Hua Li, 2024",Manufacturing,Relational view,Robustness,Multi-wave / multi-respondent survey,121.0,1,0,0,1,0,2,Low,0,0,0,0,0,0,0,1,0,0,0,1,0,0,0,0,
A083,Analytics,Theme 3,"Aleksi Harju, Jukka Hallikas,2023",Procurement professionals,Information processing theory,Resilience,Cross-sectional single-source survey,147.0,0,0,0,0,0,0,Low,0,0,0,1,0,0,0,1,0,0,0,0,0,0,0,0,
B001,Blockchain,Theme 1,"Hajian, Rezaeinejad, Rayman, & Khorsandroo (2025)",Information technology,Practice-Based View,Cyber-resilience,Experimental (vignette / between-subjects),,1,0,1,1,0,3,Moderate,1,0,0,0,0,0,0,0,0,0,0,0,0,0,0,0,sample size not in extraction sheet (Q2 scored 0)
B002,Blockchain,Theme 1,"Aamir Rashid; Syed Baber Ali; Rizwana Rasheed; Noor Aina Amirah, 2022",Supply chains managers,Not stated ,Adaptability,Cross-sectional single-source survey,150.0,0,1,0,0,0,1,Low,1,1,0,0,1,0,0,0,1,0,0,1,0,0,0,0,
B003,Blockchain,Theme 4,Ivan Kudrenko,Logistics & supply chain management ,Not stated,Readines,Cross-sectional single-source survey,122.0,0,0,0,0,0,0,Low,0,0,0,0,0,0,0,0,0,0,0,0,0,0,0,0,
B004,Blockchain,Theme 2,"Wang M; Yang Y, 2022",Supply chains ,Not stated, Flexibility,Cross-sectional single-source survey,338.0,0,1,0,0,0,1,Low,0,0,0,0,1,0,0,0,0,0,0,1,0,0,0,0,
B005,Blockchain,Theme 2,"Ganesh Kumar R; Dinesh Kumar S; C. Anirvinna; Rapaka David Goodwin, 2025",Cross-industry,Not stated,Agility,Cross-sectional single-source survey,,0,0,0,0,0,0,Low,0,0,0,0,0,0,0,0,0,0,0,1,0,0,0,0,sample size not in extraction sheet (Q2 scored 0)
B006,Blockchain,Theme 2,"Haidi Zhou; Qiang Wang; Xiande Zhao, 2025",Manufacturing,Complex adaptive systems ,Flexibility,Quasi-experimental / archival / panel,,1,0,1,1,1,4,High,0,0,0,0,0,0,0,0,0,0,0,1,0,0,0,0,sample size not in extraction sheet (Q2 scored 0)
B007,Blockchain,Theme 2,"Prateek Sharma; Dhirendra Mani Shukla; Alok Raj, 2023",Multi-industry ,Dynamic capabilities perspective,Agility,Quasi-experimental / archival / panel,4994.0,1,1,1,1,1,5,High,0,0,0,0,0,0,0,0,0,0,0,1,0,0,0,0,
B008,Blockchain,Theme 3,"Maciel M. Queiroz; Samuel Fosso Wamba; Marc De Bourmont; Renato Telles, 2021", Cross-industry SCM,UTAUT (modified),Trust,Cross-sectional single-source survey,,0,0,0,0,0,0,Low,0,0,0,0,1,0,0,0,0,0,0,0,0,0,0,0,sample size not in extraction sheet (Q2 scored 0)
B009,Blockchain,Theme 1,"Michael Rogerson; Glenn C. Parry, 2020",Food supply chains ,Not stated,Risk management,Qualitative / case study,,1,1,0,0,1,3,Moderate,0,1,0,0,1,0,0,0,1,0,0,0,0,0,0,0,
B010,Blockchain,Theme 2,"Arghya Bagchi; Nirmal Baran Hui; Saurabh Pratap, 2025",Healthcare,Not stated ,Resilience,Cross-sectional single-source survey,272.0,0,1,0,0,0,1,Low,0,0,0,0,0,0,0,0,0,0,1,0,0,0,0,0,
B011,Blockchain,Theme 4,"Muhamad Fauzan Nugraha; Rajiv Dharma Mangruwa; Uruqul Nadhif Dzakiy, 2025",Halal-certified food & beverage ,Resource-Based View,Resilience,Cross-sectional single-source survey,151.0,0,1,0,0,0,1,Low,0,0,0,0,0,0,0,0,0,0,0,0,0,0,0,1,
B012,Blockchain,Theme 4,"Liu, Fang, Feng & Xi, 2024",Manufacturing,Organizational Information Processing Theory; Leadership Theory,Resilience,Multi-wave / multi-respondent survey,317.0,1,1,0,1,0,3,Moderate,0,0,0,0,0,0,0,0,0,0,0,0,1,0,0,0,
B013,Blockchain,Theme 4,"Summer  K.  Mohamed,Sandra  Haddad,2023",Manufacturing & services,Knowledge-Based View; Dynamic Capabilities Theory,Adaptability,Cross-sectional single-source survey,603.0,0,1,0,0,0,1,Low,0,0,0,0,0,0,0,0,0,0,1,0,0,0,0,0,
B014,Blockchain,Theme 1,"Chowdhury, Abedin & Rahman, 2023",Multi-industry ,Technology Acceptance Model ,Risk management,Cross-sectional single-source survey,116.0,0,0,0,0,0,0,Low,0,0,0,0,0,0,0,0,0,0,0,0,0,1,0,0,
B015,Blockchain,Theme 3,"Pattanayak et al., 2024",Cross-industry,Relational view; Dynamic capability view,Trust,Qualitative / case study,,0,0,0,0,0,0,Low,0,0,0,0,1,0,0,0,0,0,0,0,0,0,0,0,
B016,Blockchain,Theme 3,"Dubey et al., 2020",Humanitarian supply chain,Organizational Information Processing Theory & Relational View,Collaboration,Cross-sectional single-source survey,,0,0,0,0,0,0,Low,0,0,0,0,1,0,0,0,0,0,1,0,0,0,0,0,sample size not in extraction sheet (Q2 scored 0)
B017,Blockchain,Theme 4,"Pattanayak et al., 2024",Cross-industry,Dynamic Capability View,Resilience,Qualitative / case study,,0,0,1,0,1,2,Low,0,0,0,0,0,0,0,0,0,0,0,0,0,0,0,0,
B018,Blockchain,Theme 2,"Sudrajat et al., 2023",Logistics service providers,Dynamic Capability Theory,Resilience,Cross-sectional single-source survey,60.0,0,0,0,0,0,0,Low,0,0,0,0,0,0,0,0,0,0,0,1,0,0,0,0,
B019,Blockchain,Theme 2,"Aslam et al., 2023",Oil & Gas,Resource-Based View; Transaction Cost Analysis,Robustness,Cross-sectional single-source survey,353.0,0,1,0,0,0,1,Low,0,0,0,0,0,0,0,0,0,0,0,1,0,0,0,0,
B020,Blockchain,Theme 4,"Dou, Tan, Chung & Liu, 2025",Manufacturing ,Relational View; Boundary Object Perspective; Supply Chain Resilience Theory,Adaptability,Cross-sectional single-source survey,251.0,0,1,0,0,0,1,Low,0,0,0,0,1,0,0,0,0,0,1,1,1,1,0,1,
B021,Blockchain,Theme 1,"Yanhong Wu, 2025",Agriculture,Resource-based theory  and enterprise dynamic capability theory ,Flexibility,Cross-sectional single-source survey,603.0,0,1,0,0,0,1,Low,1,1,0,0,0,0,0,0,0,0,1,1,0,0,0,0,
B022,Blockchain,Theme 2,"Li et al., 2022",Cross-industry,Dynamic Capability View,Resilience,Cross-sectional single-source survey,262.0,0,1,0,0,0,1,Low,0,0,0,0,0,0,0,0,0,0,0,1,0,0,0,0,
B023,Blockchain,Theme 1,"Zhang et al., 2025",Manufacturing ,Relational view and Resource orchestration theory,Adaptability,Cross-sectional single-source survey,212.0,0,1,0,0,0,1,Low,1,1,0,0,1,0,0,1,1,0,1,1,0,0,0,0,
B024,Blockchain,Theme 1,"Ivanov et al., 2023",Operations & SCM,"Stakeholder theory, Dynamic Capability Theory",Resilience,Cross-sectional single-source survey,,0,0,0,0,0,0,Low,1,0,0,1,0,0,0,0,1,0,0,1,0,1,0,0,sample size not in extraction sheet (Q2 scored 0)
B025,Blockchain,Theme 2,"Nandi et al., 2021",Multi-industry,Resource-Based View; (Resource dependent theory),Agility,Qualitative / case study,24.0,0,1,0,0,0,1,Low,0,0,0,0,0,0,0,0,0,0,0,1,0,0,0,0,
B026,Blockchain,Theme 4,"Al-Swidi et al., 2024",Automotive,Dynamic Capability & Contingency Theory,Resilience,Cross-sectional single-source survey,,0,0,0,0,0,0,Low,0,0,0,0,0,0,0,0,0,0,0,0,0,0,0,0,sample size not in extraction sheet (Q2 scored 0)
B027,Blockchain,Theme 1,"Fosso Wamba et al., 2020",Cross-industry,Technology adoption models; Technology acceptance model,Risk management,Cross-sectional single-source survey,738.0,0,1,0,0,0,1,Low,1,0,0,1,0,0,0,0,0,0,0,0,0,0,0,0,
B028,Blockchain,Theme 1,"Okanlawon et al., 2025",Construction,Technology acceptance model; Diffusion of innovation,Robustness,Cross-sectional single-source survey,,0,0,0,0,0,0,Low,1,0,0,0,0,0,0,0,0,0,0,0,0,0,0,0,sample size not in extraction sheet (Q2 scored 0)
B029,Blockchain,Theme 2,"Sheel & Nath, 2019",Cross-industry,Resource-Based View; Dynamic capabilities,Agility,Cross-sectional single-source survey,362.0,0,1,0,0,0,1,Low,0,0,0,0,0,0,0,0,0,0,0,1,0,0,0,0,
B030,Blockchain,Theme 4,"Meafaa et al., 2024",Manufacturing,Dynamic Capability View,Dynamic Capability,Cross-sectional single-source survey,193.0,0,1,0,0,0,1,Low,0,0,0,0,0,1,0,0,0,0,0,0,0,0,0,0,
B031,Blockchain,Theme 4,"Alkatheeri, Zamberi Ahmad, 2024",logistics and SCM,Not stated,Readines,Cross-sectional single-source survey,500.0,0,1,0,0,0,1,Low,0,0,0,1,0,0,0,0,0,0,0,0,0,1,0,0,
B032,Blockchain,Theme 1,"Alabaddi:, 2023",Healthcare,Organizational Information Processing,Transparency,Cross-sectional single-source survey,215.0,0,1,0,0,0,1,Low,1,1,1,0,0,0,0,0,0,0,0,0,0,0,0,0,
B033,Blockchain,Theme 2,"Tipon Tanchangya, 2026",Manufacturing,Resource-based View,Agility,Cross-sectional single-source survey,364.0,0,1,0,0,0,1,Low,0,0,0,0,0,0,0,0,1,0,0,1,0,0,0,1,
B034,Blockchain,Theme 4,"XiLi ,HongdanZhao ,AnkitMehrotra ,RitikaGugnani:, 2025",FinTech,"Transaction cost economics and goal interdependence theory,",Adaptability,Cross-sectional single-source survey,285.0,0,1,0,0,0,1,Low,1,0,0,0,0,0,0,0,0,0,0,1,1,0,0,0,
B035,Blockchain,Theme 1,"Hong & Hales, 2024",Manufacturing ,Resource-Based View ; Dynamic Capability Theory (DCT); System of Systems (SoS) Theory,Risk management,Cross-sectional single-source survey,204.0,0,1,0,0,0,1,Low,0,0,0,0,0,0,0,0,0,0,0,0,0,0,0,0,
B036,Blockchain,Theme 1,"Dubey et al., 2023",Humanitarian supply chains ,Dynamic Capability Theory; Information Processing Theory,Agility,Cross-sectional single-source survey,300.0,0,1,0,0,0,1,Low,1,0,0,1,0,0,0,0,1,0,1,1,0,0,0,0,
B037,Blockchain,Theme 4,"Ceptureanu et al., 2025",Manufacturing ,Systems Theory; Change Management Perspective,Adaptability,Cross-sectional single-source survey,197.0,0,1,0,0,0,1,Low,0,0,0,0,0,0,0,1,0,0,0,1,1,0,0,0,
B038,Blockchain,Theme 2,"Akhavan & Philsoophian, 2023",Multi-industry ,Resource-Based View; Supply Chain Resilience Theory,Agility,Cross-sectional single-source survey,250.0,0,1,0,0,0,1,Low,1,0,0,0,0,0,0,0,0,0,1,1,0,0,0,0,
B039,Blockchain,Theme 1,"Atanu Chaudhuri1,2 ·Manjot Singh Bhatia3·Yasanur Kayikci4·, 2023",Supply chain ,Not stated,Risk management,Qualitative / case study,,1,1,0,0,1,3,Moderate,0,0,0,0,0,0,0,0,0,0,0,0,0,0,0,0,
B040,Blockchain,Theme 4,"Shivam Gupta, 2023",Supply chains ,Dynamic technological capability view,Resilience,Mixed / multi-source,202.0,1,1,0,1,0,3,Moderate,0,0,0,0,0,1,0,1,0,0,0,0,0,0,0,0,
B041,Blockchain,Theme 4,"Dennis Amoako Kwatia; Andrews Kyeremeh; Francis Kamewor Tetteh; Hanson Obiri-Yeboah, 2025",Healthcare ,Dynamic Capabilities Theory (explicit); Resource-Based View ,Recovery,Cross-sectional single-source survey,374.0,0,1,0,0,0,1,Low,0,0,0,0,0,0,0,0,0,0,0,0,1,0,1,0,
B042,Blockchain,Theme 4,"Zelbst; Yang; Green; Sower, 2024",Manufacturing ,Systems lens / technology-performance framing,Risk management,Cross-sectional single-source survey,303.0,0,1,0,0,0,1,Low,0,0,0,0,0,0,0,0,0,0,0,0,0,0,0,0,
B043,Blockchain,Theme 4,"Chen; Zhang; Lyu; Ding; Chen; Song, 2025",Agriculture ,Organizational Information Processing,Resilience,Mixed / multi-source,,1,0,0,1,0,2,Low,0,0,0,0,0,0,0,0,0,0,0,0,0,0,0,0,sample size not in extraction sheet (Q2 scored 0)
B044,Blockchain,Theme 3,"Guoli Pu and Weiting Qiao, 2024",Manufacturing ,Relational Exchange Theory; Governance Theory; Supply Chain Resilience Theory,Adaptability,Cross-sectional single-source survey,300.0,0,1,0,0,0,1,Low,1,0,0,1,1,0,0,0,0,0,1,1,1,0,0,1,
B045,Blockchain,Theme 1,"Nikzadipanah, Rahdar & Bandani, 2024",Pharmaceutical ,Organizational Information Processing Theory (OIPT),Transparency,Cross-sectional single-source survey,215.0,0,1,0,0,0,1,Low,1,1,1,0,0,0,0,0,0,0,0,0,0,0,0,0,
B046,Blockchain,Theme 2,"Sagar, Macchion & Fornasiero, 2025",Fashion / Textile ,Dynamic Capabilities Theory; Information Processing Theory; Stakeholder Theory,Agility,Cross-sectional single-source survey,190.0,0,1,0,0,0,1,Low,0,0,0,0,0,0,0,0,1,0,1,1,0,0,0,1,
B047,Blockchain,Theme 3,"TejasPotnis1,Yui-yipLau2,* andTszLeungYip1, 2024",General supply chains,Dynamic Capabilities Theory; Supply Chain Resilience Theory,Flexibility,Mixed / multi-source,112.0,1,0,0,1,0,2,Low,0,0,0,1,0,0,0,0,1,0,1,1,0,0,0,0,
B048,Blockchain,Theme 1,"Wang, Mamun, Masukujjaman & Yang, 2025",Logistics firms,Dynamic Capabilities Theory; Transaction Cost Economics; Supply Chain Resilience Theory,Resilience,Cross-sectional single-source survey,387.0,0,1,0,0,0,1,Low,1,1,0,0,0,0,0,0,0,0,0,0,0,0,0,0,
B049,Blockchain,Theme 4,"Lin Wang, Yu Zenga, Yongshun Xub,* , Ming Chic, Haitao Wud, 2025",Construction supply chain,Organizational Information Processing Theory; Dynamic Capabilities Theory,Adaptability,Cross-sectional single-source survey,310.0,0,1,0,0,0,1,Low,0,0,0,0,0,0,0,0,0,0,0,1,1,0,1,0,
B050,Blockchain,Theme 1,"Pengfei Chen , Xue Lei , Ouwen Lin , Yanzhe Yuan ",General supply chains,Systems Theory; Transaction Cost Economics,Robustness,Cross-sectional single-source survey,,0,0,0,0,0,0,Low,1,0,0,0,0,0,0,0,0,0,1,0,0,1,0,0,sample size not in extraction sheet (Q2 scored 0)
B051,Blockchain,Theme 1,"Paul, Mondal, Islam & Rakshit, 2021",Tea / Agricultural supply chain,Resource-Based View; Network Theory,Transparency,Cross-sectional single-source survey,305.0,0,1,0,0,0,1,Low,1,1,0,0,1,0,0,0,0,0,1,0,0,0,0,0,
B052,Blockchain,Theme 3,"Pu Guoli, Li Mengqing & Qiao Jianqi, 2025",Manufacturing ,Dynamic Resource-Based View); Supply Chain Resilience Theory,Adaptability,Cross-sectional single-source survey,405.0,0,1,0,0,1,2,Low,0,1,0,0,1,0,0,0,0,0,1,1,1,0,1,0,
B053,Blockchain,Theme 1,"Cai et al., 2023",Multi-industry ,"Extended Technology Acceptance Model (TAM), Supply Chain Risk Management",Resilience,Cross-sectional single-source survey,203.0,0,1,0,0,0,1,Low,1,1,0,1,0,0,0,0,0,0,0,1,0,0,0,0,
B054,Blockchain,Theme 4,"Al-Khatib, 2025",Agriculture ,Information Processing Theory ,Adaptability,Cross-sectional single-source survey,221.0,0,1,0,0,0,1,Low,1,0,0,0,0,0,0,0,0,0,0,0,1,0,1,0,
B055,Blockchain,Theme 4,"Alvarenga et al., 2023",Multi-industry ,Knowledge-Based View; Information Processing Theory; Contingent Resource-Based View,Robustness,Cross-sectional single-source survey,257.0,0,1,0,0,0,1,Low,0,0,0,0,0,0,0,1,0,0,0,0,0,0,0,0,
B056,Blockchain,Theme 1,"Khan et al., 2025",Manufacturing ,Organizational Information Processing Theory (primary); Dynamic Capability View,Adaptability,Cross-sectional single-source survey,326.0,0,1,0,0,0,1,Low,1,1,0,0,1,0,0,1,0,1,0,0,1,1,0,0,
B057,Blockchain,Theme 4,"Metwally et al., 2024",Manufacturing ,Information Processing Theory,Robustness,Cross-sectional single-source survey,292.0,0,1,0,0,0,1,Low,0,0,0,0,0,0,0,1,0,0,0,0,1,0,0,0,
B058,Blockchain,Theme 1,"Li et al., 2025",Multi-industry ,Information asymmetry & governance perspective (implicit); crisis resilience logic,Resilience,Quasi-experimental / archival / panel,,1,0,1,1,1,4,High,1,0,0,0,0,0,0,0,0,0,0,0,0,1,0,0,sample size not in extraction sheet (Q2 scored 0)
B059,Blockchain,Theme 1,"Xiong et al., 2021",Multi-industry ,Contingency Theory,Robustness,Quasi-experimental / archival / panel,,1,0,1,1,1,4,High,0,0,0,0,0,0,0,0,1,0,0,0,0,0,0,0,sample size not in extraction sheet (Q2 scored 0)
B060,Blockchain,Theme 1,"Latan et al., 2024",Manufacturing ,Resource-Based View; Triple-A supply chain,Agility,Cross-sectional single-source survey,263.0,0,1,0,0,0,1,Low,1,0,0,0,0,0,0,0,0,0,1,1,0,0,0,0,
B061,Blockchain,Theme 3,"Javed et al., 2024",Manufacturing ,Resource-Based View; Dynamic Capabilities View; Institutional Theory,Adaptability,Cross-sectional single-source survey,301.0,0,1,0,0,0,1,Low,0,0,0,0,0,0,0,1,0,0,1,1,0,0,0,1,
B062,Blockchain,Theme 2,"Lingyu Hu ; Jie Zhou ; Justin Zuopeng Zhang ; Abhishek Beh,2023",manufacturing,Knowledge-Based Theory ,Recovery,Cross-sectional single-source survey,203.0,0,1,0,0,0,1,Low,0,0,0,0,0,0,0,0,0,0,0,1,1,1,0,0,
B063,Blockchain,Theme 2,"Anna Kolmykova, 2022",Multi-industry ,Not stated,Agility,Qualitative / case study,,1,0,1,0,1,3,Moderate,0,0,0,0,0,0,0,0,0,0,1,1,0,0,0,0,
I001,Integrated,Theme 4,"Espahbod et al., 2024",Manufacturing,Resource-based view,Resilience,Cross-sectional single-source survey,262.0,0,1,0,0,1,2,Low,0,0,0,0,0,0,0,1,0,0,0,0,0,0,0,0,
I002,Integrated,Theme 4,"Rayman, 2025",Cybersecurity ,Practice-based view,Cyber-resilience,Experimental (vignette / between-subjects),115.0,1,1,1,1,1,5,High,0,0,0,0,0,0,0,1,0,0,0,0,1,0,0,0,
I003,Integrated,Theme 4,"Nazief  Haggag  Kotb  Kholaif, 2023",Food and beverages,"“social-cognitive,”“stakeholder”; Resource-based view",Robustness,Cross-sectional single-source survey,362.0,0,1,0,0,1,2,Low,0,0,0,0,0,0,0,1,0,0,0,0,0,0,0,1,
I004,Integrated,Theme 1,Nevin Youssef  (2023),Chemical and Cosmetic Industries,Resource-Based View; Risk Management Theory,Risk Management,Cross-sectional single-source survey,364.0,0,1,0,0,0,1,Low,1,0,0,0,0,0,0,1,1,1,0,1,0,0,0,0,
