StudyID,Study,Action
B015,"Pattanayak et al., 2024",Same author-year appears more than once in this stream: confirm they are distinct papers / correct the year
B017,"Pattanayak et al., 2024",Same author-year appears more than once in this stream: confirm they are distinct papers / correct the year
B-link,organizational-inertia paper,Linked across files by title alias: confirm the two titles are the same paper
A063,"Shokoohyar, S.; Shokouhyar, S.; Hakimioun, S. (2022)",Sample size missing in extraction sheet: add it (Q2 is scored 0 until then)
A066,"Abdullah, Naeem & Aslam, 2024",Sample size missing in extraction sheet: add it (Q2 is scored 0 until then)
B001,"Hajian, Rezaeinejad, Rayman, & Khorsandroo (2025)",Sample size missing in extraction sheet: add it (Q2 is scored 0 until then)
B005,"Ganesh Kumar R; Dinesh Kumar S; C. Anirvinna; Rapaka David Goodwin, 2025",Sample size missing in extraction sheet: add it (Q2 is scored 0 until then)
B006,"Haidi Zhou; Qiang Wang; Xiande Zhao, 2025",Sample size missing in extraction sheet: add it (Q2 is scored 0 until then)
B008,"Maciel M. Queiroz; Samuel Fosso Wamba; Marc De Bourmont; Renato Telles, 2021",Sample size missing in extraction sheet: add it (Q2 is scored 0 until then)
B016,"Dubey et al., 2020",Sample size missing in extraction sheet: add it (Q2 is scored 0 until then)
B024,"Ivanov et al., 2023",Sample size missing in extraction sheet: add it (Q2 is scored 0 until then)
B026,"Al-Swidi et al., 2024",Sample size missing in extraction sheet: add it (Q2 is scored 0 until then)
B028,"Okanlawon et al., 2025",Sample size missing in extraction sheet: add it (Q2 is scored 0 until then)
B043,"Chen; Zhang; Lyu; Ding; Chen; Song, 2025",Sample size missing in extraction sheet: add it (Q2 is scored 0 until then)
B050,"Pengfei Chen , Xue Lei , Ouwen Lin , Yanzhe Yuan ",Sample size missing in extraction sheet: add it (Q2 is scored 0 until then)
B058,"Li et al., 2025",Sample size missing in extraction sheet: add it (Q2 is scored 0 until then)
B059,"Xiong et al., 2021",Sample size missing in extraction sheet: add it (Q2 is scored 0 until then)
A062,"Mandal, S. (2020)",TBD in extraction sheet: complete from full text
A063,"Shokoohyar, S.; Shokouhyar, S.; Hakimioun, S. (2022)",TBD in extraction sheet: complete from full text
A064,"Alsmairat, M.A.K. (2023)",TBD in extraction sheet: complete from full text
