StudyID,Study,field,Design,value
A063,"Shokoohyar, S.; Shokouhyar, S.; Hakimioun, S. (2022)",n,Cross-sectional single-source survey,
A066,"Abdullah, Naeem & Aslam, 2024",n,Multi-wave / multi-respondent survey,
B001,"Hajian, Rezaeinejad, Rayman, & Khorsandroo (2025)",n,Experimental (vignette / between-subjects),
B005,"Ganesh Kumar R; Dinesh Kumar S; C. Anirvinna; Rapaka David Goodwin, 2025",n,Cross-sectional single-source survey,
B006,"Haidi Zhou; Qiang Wang; Xiande Zhao, 2025",n,Quasi-experimental / archival / panel,
B008,"Maciel M. Queiroz; Samuel Fosso Wamba; Marc De Bourmont; Renato Telles, 2021",n,Cross-sectional single-source survey,
B016,"Dubey et al., 2020",n,Cross-sectional single-source survey,
B024,"Ivanov et al., 2023",n,Cross-sectional single-source survey,
B026,"Al-Swidi et al., 2024",n,Cross-sectional single-source survey,
B028,"Okanlawon et al., 2025",n,Cross-sectional single-source survey,
B043,"Chen; Zhang; Lyu; Ding; Chen; Song, 2025",n,Mixed / multi-source,
B050,"Pengfei Chen , Xue Lei , Ouwen Lin , Yanzhe Yuan ",n,Cross-sectional single-source survey,
B058,"Li et al., 2025",n,Quasi-experimental / archival / panel,
B059,"Xiong et al., 2021",n,Quasi-experimental / archival / panel,
