StudyID,Study,Q1,Q2,Q3,Q4,Q5
A010,"Lee et al., 2024",,,,,
A013,"Manikas et al., 2022",,,,,
A019,"Barhmi et al., 2024",,,,,
A020,"Dubey et al., 2021",,,,,
A027,"Islam et al., 2025",,,,,
A030,"Jiang et al., 2025",,,,,
A031,"Bag, Rahman, Routray, Roubaud & Mangla, 2025",,,,,
A032,"Cao, Elking, Gu & Hoffman, 2024",,,,,
A037,"Park & Singh, 2023",,,,,
A046,"Bahrami & Shokouhyar, 2021",,,,,
A056,"Laguir, Modgil, Bose, Gupta & Stekelorum, 2023",,,,,
A057,"Cui, Wang, Liu & Cao, 2024",,,,,
A065,"Aljumah, 2022",,,,,
A069,"Dubey et al., 2019",,,,,
A070,"Saleh & Sadeghi, 2025",,,,,
A074,"Guo, Lin & Luo, 2025",,,,,
A077,"Surajit Bag, 2021",,,,,
A079,"Read Khalid Almheiri, 2024",,,,,
A083,"Aleksi Harju, Jukka Hallikas,2023",,,,,
B022,"Li et al., 2022",,,,,
B026,"Al-Swidi et al., 2024",,,,,
B028,"Okanlawon et al., 2025",,,,,
B036,"Dubey et al., 2023",,,,,
B045,"Nikzadipanah, Rahdar & Bandani, 2024",,,,,
B046,"Sagar, Macchion & Fornasiero, 2025",,,,,
B049,"Lin Wang, Yu Zenga, Yongshun Xub,* , Ming Chic, Haitao Wud, 2025",,,,,
B050,"Pengfei Chen , Xue Lei , Ouwen Lin , Yanzhe Yuan ",,,,,
B059,"Xiong et al., 2021",,,,,
B061,"Javed et al., 2024",,,,,
B063,"Anna Kolmykova, 2022",,,,,
